#EXTINF:-1 group-title="Local" tvg-logo="https://static.wikia.nocookie.net/logopedia/images/8/88/StarChannelHDLA.png/revision/latest/scale-to-width-down/250?cb=20221117162011", STARZ EDGE
http://xxip9.top:8080/live/Gizvid192@giz.com/1234@4321/16143.ts

#EXTINF:-1 tvg-id="Starz Cinema" tvg-url="https://www.bevy.be/bevyfiles/indonesia.xml" tvg-logo="https://encrypted-tbn0.gstatic.com/images?q=tbn:ANd9GcRi03FILhrtr6o4ewGq0iFZIIFrw6ckqDQK5TsovLT5wA&s" group-title="Local",Starz Cinema
http://xxip9.top:8080/live/Gizvid192@giz.com/1234@4321/17775.ts

#EXTINF:-1 tvg-id="ComedyCentralEast.us" tvg-logo="https://iili.io/doKLV87.png" group-title="Local",Comedy Central
http://fl3.moveonjoy.com/Comedy_Central/index.m3u8

#EXTINF:-1 tvg-id="My Cinema" tvg-url="" tvg-logo="https://i.ibb.co.com/km8bKsQ/Black-and-White-Circle-Business-Logo-20241224-195342-0000.jpg" group-title="Local",Showtime
http://xxip9.top:8080/live/Gizvid192@giz.com/1234@4321/46214.ts

#EXTINF:-1 tvg-id="" tvg-url="" tvg-logo="https://i.ibb.co.com/km8bKsQ/Black-and-White-Circle-Business-Logo-20241224-195342-0000.jpg" group-title="Local",MoviesMax
http://xxip9.top:8080/live/Gizvid192@giz.com/1234@4321/13480.ts

#EXTINF:-1 tvg-logo="https://www.visionplus.id/images/repository/982/49982-SNAPSHOT-l.png" group-title="Local",Celestial Movies
#EXTVLCOPT:http-user-agent=ExoPlayerDemo/2.15.1 (Linux; Android 13) ExoPlayerLib/2.15.1
#KODIPROP:inputstream.adaptive.license_type=clearkey
#KODIPROP:inputstream.adaptive.license_key=c6bbd293f9604131961bf10ddd1d6d31:ff08a6c78c1d1414a1cfae760ab623a9
https://atemecdnbalancer-voe.sysln.id/live/eds/CelestialMoviesHD/mpd/CelestialMoviesHD.mpd

#EXTINF:-1 tvg-id="Action Max" tvg-url="" tvg-logo="https://encrypted-tbn0.gstatic.com/images?q=tbn:ANd9GcSDC_0SfAa5TkEMib6czNOlHyLnaN26P0sKJ1m5s9jZoJ4Dw5eCJ0ts2Q&s=10" group-title="Local",Action Max
http://xxip9.top:8080/live/Gizvid192@giz.com/1234@4321/21013.ts

#EXTINF:-1 tvg-logo="https://encrypted-tbn0.gstatic.com/images?q=tbn:ANd9GcSWpr6QEZ6_5uEN1tEkmK3jCTKEQdpBLYZi3g&usqp=CAU" group-title="Local" tvg-id="" tvg-name="", Action Movies 
#EXTVLCOPT:http-user-agent=VLC/3.0.9 LibVLC/3.0.9
https://service-stitcher.clusters.pluto.tv/v1/stitch/embed/hls/channel/561d7d484dc7c8770484914a/master.m3u8?deviceId=channel&deviceModel=web&deviceVersion=1.0&appVersion=1.0&deviceType=rokuChannel&deviceMake=rokuChannel&deviceDNT=1&advertisingId=channel&embedPartner=rokuChannel&appName=rokuchannel&is_lat=1&bmodel=bm1&content=channel&platform=web&tags=ROKU_CONTENT_TAGS&coppa=false&content_type=livefeed&rdid=channel&genre=ROKU_ADS_CONTENT_GENRE&content_rating=ROKU_ADS_CONTENT_RATING&studio_id=viacom&channel_id=channel

#EXTINF:-1 tvg-logo="https://encrypted-tbn0.gstatic.com/images?q=tbn:ANd9GcSWpr6QEZ6_5uEN1tEkmK3jCTKEQdpBLYZi3g&usqp=CAU" group-title="MOVIES" tvg-id="" tvg-name="", Action Movies 2
#EXTVLCOPT:http-user-agent=VLC/3.0.9 LibVLC/3.0.9
https://service-stitcher.clusters.pluto.tv/v1/stitch/embed/hls/channel/5dbfeb961b411c00090b52b3/master.m3u8?deviceId=channel&deviceModel=web&deviceVersion=1.0&appVersion=1.0&deviceType=rokuChannel&deviceMake=rokuChannel&deviceDNT=1&advertisingId=channel&embedPartner=rokuChannel&appName=rokuchannel&is_lat=1&bmodel=bm1&content=channel&platform=web&tags=ROKU_CONTENT_TAGS&coppa=false&content_type=livefeed&rdid=channel&genre=ROKU_ADS_CONTENT_GENRE&content_rating=ROKU_ADS_CONTENT_RATING&studio_id=viacom&channel_id=channel
